ID,Title,Content,CreatedAt,UpdatedAt
1,This is my first note,Anypoint,2021/04/01,2021/04/01
2,This is my second note,Mulesoft,2021/05/01,2021/04/01
3,This is my third note,saleforse,2021/06/01,2021/04/01
4,This is my forth note,Ipad,2021/07/01,2021/04/01
5,This is my fith note,Iphone,2021/08/01,2021/04/01
6,This is my sith note,Email,2021/09/01,2021/04/01
7,This is my seventh note,Phone,2021/10/01,2021/04/01
8,This is my eight note,Mysql,2021/11/01,2021/04/01
9,This is my ninth note,SSIS,2021/12/01,2021/04/01
